<?xml version="1.0"?>
<skin version="1.1" name="Jump" author="LongTail Video">

	<components>
		<component name="controlbar">
			<settings>
				<setting name="margin" value="0" />
				<setting name="fontsize" value="10" />
				<setting name="fontstyle" value="bold" />
				<setting name="fontcolor" value="0xffffff" />
				<setting name="buttoncolor" value="0xC0C0C0" />
			</settings>

			<layout>
				<group position="left">
					<button name="play" />
					<button name="stop" />
					<text name="elapsed" />
				</group>
				<group position="center">
					<slider name="time" />
				</group>
				<group position="right">
					<text name="duration" />
					<button name="fullscreen" />
					<button name="mute" />
				</group>
			</layout>

			<elements>
				<element name="background" src="background.png" />
				<element name="pauseButton" src="pauseButton.png" />
				<element name="pauseButtonOver" src="pauseButtonOver.png" />
				<element name="playButton" src="playButton.png" />
				<element name="playButtonOver" src="playButtonOver.png" />
				<element name="stopButton" src="stopButton.png" />
				<element name="stopButtonOver" src="stopButtonOver.png" />
				<element name="timeSliderBuffer" src="timeSliderBuffer.png" />
				<element name="timeSliderCapLeft" src="timeSliderCapLeft.png" />
				<element name="timeSliderCapRight" src="timeSliderCapRight.png" />
				<element name="timeSliderProgress" src="timeSliderProgress.png" />
				<element name="timeSliderRail" src="timeSliderRail.png" />
				<element name="timeSliderThumb" src="timeSliderThumb.png" />
				<element name="fullscreenButton" src="fullscreenButton.png" />
				<element name="fullscreenButtonOver" src="fullscreenButtonOver.png" />
				<element name="normalscreenButton" src="normalscreenButton.png" />
				<element name="normalscreenButtonOver" src="normalscreenButtonOver.png" />
				<element name="muteButton" src="muteButton.png" />
				<element name="muteButtonOver" src="muteButtonOver.png" />
				<element name="unmuteButton" src="unmuteButton.png" />
				<element name="unmuteButtonOver" src="unmuteButtonOver.png" />
			</elements>
		</component>
		
		<component name="display">
			<settings>
				<setting name="bufferinterval" value="100" />
				<setting name="bufferrotation" value="50" />
			</settings>
			<elements>
				<element name="background" src="background.png" />
				<element name="playIcon" src="playIcon.png" />
				<element name="muteIcon" src="muteIcon.png" />
				<element name="bufferIcon" src="bufferIcon.png" />
			</elements>
		</component>
		
		<component name="dock">
			<elements>
				<element name="button" src="button.png" />
				<element name="buttonOver" src="button1.png" />
			</elements>
		</component>
		
		<component name="playlist">
			<settings>
				<setting name="fontcolor" value="0xffffff" />
				<setting name="fontsize" value="10" />
				<setting name="fontstyle" value="bold" />
				<setting name="backgroundcolor" value="0x000000" />
			</settings>
			<elements>
				<element name="item" src="item.png" />
				<element name="itemOver" src="itemOver.png" />
				<element name="sliderCapBottom" src="sliderCapBottom.png" />
				<element name="sliderCapTop" src="sliderCapTop.png" />
				<element name="sliderRail" src="sliderRail.png" />
				<element name="sliderThumb" src="sliderThumb.png" />
			</elements>
		</component>

	</components>

</skin>